{
  "EDUCATION": 3,
  "gender_code": 0.0,
  "features": {
    "values": [
      41.0,
      4.0,
      3.0,
      12.0,
      316530.0,
      0.0,
      12.0
    ]
  },
  "prediction": 1.0,
  "AGE": 41,
  "GENDER": "M",
  "NEGTWEETS": 12,
  "INCOME": 316530.0,
  "state_code": 12.0,
  "rawPrediction": {
    "values": [
      -2.6489602018934804,
      2.6489602018934804
    ]
  },
  "ACTIVITY": 4,
  "STATE": "TX",
  "probability": {
    "values": [
      0.06605312581502727,
      0.9339468741849727
    ]
  }
}